domain,facebook,twitter,email,telephone,whatsapp,instagram,linkedin,pinterest,youtube,tiktok,yelp
www.rei.com,https://www.facebook.com/REI/,Not Found,Not Found,Not Found,Not Found,https://www.instagram.com/rei/,Not Found,https://www.pinterest.com/reicoop/,https://www.youtube.com/user/reifindout/,https://www.tiktok.com/@rei,Not Found
floridahomegrouprealty.com,https://www.facebook.com/FloridaHomeGroupRealtyLLC,https://twitter.com/FHomeGroup,contact@floridahomegrouprealty.com,4079854294,https://wa.me/14072302614,https://www.instagram.com/floridahomegrouprealty/,Not Found,Not Found,Not Found,Not Found,Not Found
www.floridaplusrealty.com,https://www.facebook.com/FloridaPlusRealty/,Not Found,Not Found,352-901-9100,Not Found,Not Found,Not Found,Not Found,https://www.youtube.com/channel/UCKSrtoM15_S7AS3Zp-FDNaw,Not Found,Not Found
www.realestateprosfl.com,https://facebook.com/realestateprosfl,https://twitter.com/REProsFL,Info@RealEstateProsFL.com,(407) 970-7395,Not Found,https://instagram.com/realestateprosfl/,https://linkedin.com/in/realestateprosfl,https://pinterest.com/reprosfl/,https://youtube.com/channel/UCb4tRycwW16H4ZZgNS4i9Ug,Not Found,https://yelp.com/biz/real-estate-pros-orlando-2
www.florida-brokers.com,https://www.facebook.com/FloridaBrokers,Not Found,Not Found,{{agentDetails.offc_phone}},Not Found,https://www.instagram.com/floridabrokers/ target=,https://www.linkedin.com/company/florida-brokers/,Not Found,Not Found,Not Found,Not Found
www.liveflrealty.com,https://www.facebook.com/liveflrealty,Not Found,info@liveflrealty.com,+18638688905,Not Found,http://instagram.com/liveflrealty,Not Found,Not Found,http://youtube.com/@livefloridarealty200,http://tiktok.com/@liveflrealty,Not Found
www.foreverfloridarealestate.com,Not Found,Not Found,Not Found,Not Found,Not Found,Not Found,Not Found,Not Found,Not Found,Not Found,Not Found
spacecoastdigest.com,Not Found,Not Found,rachel@livingflr.com,Not Found,Not Found,http://instagram.com/hey.imrachel,Not Found,Not Found,http://youtube.com/@livinginbrevard,Not Found,Not Found
www.floridalakesrealty.com,https://www.facebook.com/floridalakesrealtyllc/,Not Found,info@showmeorlandohomes.com,+1-407-593-9087,Not Found,https://www.instagram.com/floridalakesrealty/,https://www.linkedin.com/in/tatiana-diaz-964927178/,Not Found,Not Found,https://www.tiktok.com/@tatianadiaz_flr,Not Found
www.floridasateamrealty.com,Not Found,Not Found,Not Found,Not Found,Not Found,Not Found,Not Found,Not Found,Not Found,Not Found,Not Found
www.floridasbestrealty.com,https://www.facebook.com/FloridasBestRealtyService/,https://twitter.com/floridasbestre,Info@FloridasBestRealty.com,+1.888.912.3544,Not Found,http://instagram.com/floridasbestrealtysvcs,https://www.linkedin.com/company/florida's-best-realty,Not Found,https://www.youtube.com/channel/UCab3lovkhX2VMVzL9fU2fkQ,Not Found,https://www.yelp.com/biz/floridas-best-realty-services-boca-raton
www.floridarealtymarketplace.com,https://www.facebook.com/FloridaRealtyMarketplace1,https://twitter.com/Florida_RM,marker--listing-stack@2x.png,18638771915,Not Found,https://www.instagram.com/floridarealtymarketplace/,https://www.linkedin.com/company/florida-realty-marketplace/,Not Found,https://www.youtube.com/c/FloridaRealtyMarketplaceDavenport,Not Found,Not Found
www.centralfloridaprimerealestate.com,https://www.facebook.com/centralfloridaprimerealestate,Not Found,info@cflprimerealestate.com,4074044041,Not Found,Not Found,Not Found,Not Found,Not Found,Not Found,Not Found
floridaeastcoastrealestate.com,https://www.facebook.com/sharer/sharer.php?u=https%3A%2F%2Fwww.floridaeastcoastrealestate.com%2F&t=,https://twitter.com/share?url=https%3A%2F%2Fwww.floridaeastcoastrealestate.com%2F&title=,Not Found,321-877-4800,Not Found,Not Found,https://linkedin.com/shareArticle?mini=true&url=https%3A%2F%2Fwww.floridaeastcoastrealestate.com%2F&title=,Not Found,Not Found,Not Found,Not Found
www.firstfloridarealty.com,Not Found,Not Found,grayson@firstfloridarealty.com,(954) 799-4300,Not Found,https://www.instagram.com/firstfloridarealty/,Not Found,Not Found,Not Found,Not Found,Not Found
floridalandmarkrealty.com,Not Found,Not Found,Not Found,863-582-1109,Not Found,Not Found,Not Found,Not Found,Not Found,Not Found,Not Found
www.thefuentesteam.com,Not Found,Not Found,Not Found,Not Found,Not Found,Not Found,Not Found,Not Found,Not Found,Not Found,Not Found
iadrealestatefl.com,Not Found,Not Found,Not Found,Not Found,Not Found,Not Found,Not Found,Not Found,Not Found,Not Found,Not Found
floridaonerealestate.com,https://www.facebook.com/floridaonerealestate,Not Found,Not Found,+1-407-599-7070,Not Found,https://instagram.com/floridaonerealestate,Not Found,Not Found,Not Found,Not Found,Not Found
www.thefuentesteam.com,Not Found,Not Found,Not Found,Not Found,Not Found,Not Found,Not Found,Not Found,Not Found,Not Found,Not Found
www.floridaplusrealty.com,https://www.facebook.com/FloridaPlusRealty/,Not Found,Not Found,352-901-9100,Not Found,Not Found,Not Found,Not Found,https://www.youtube.com/channel/UCKSrtoM15_S7AS3Zp-FDNaw,Not Found,Not Found
iadrealestatefl.com,Not Found,Not Found,Not Found,Not Found,Not Found,Not Found,Not Found,Not Found,Not Found,Not Found,Not Found
www.realestateprosfl.com,https://facebook.com/realestateprosfl,https://twitter.com/REProsFL,Info@RealEstateProsFL.com,(407) 970-7395,Not Found,https://instagram.com/realestateprosfl/,https://linkedin.com/in/realestateprosfl,https://pinterest.com/reprosfl/,https://youtube.com/channel/UCb4tRycwW16H4ZZgNS4i9Ug,Not Found,https://yelp.com/biz/real-estate-pros-orlando-2
rfrealtyconsultants.com,https://www.facebook.com/reliablefloridarealtyconsultantsllc,Not Found,lukelhamiel@gmail.com,863-430-4093,Not Found,Not Found,Not Found,Not Found,Not Found,Not Found,Not Found
www.bhhsfloridaproperties.com,Not Found,Not Found,Not Found,Not Found,Not Found,Not Found,Not Found,Not Found,Not Found,Not Found,Not Found
www.bhhsfloridarealty.com,https://www.facebook.com/BHHSFloridaRealty,https://twitter.com/bhfloridarealty,Not Found,Not Found,Not Found,Not Found,Not Found,https://www.pinterest.com/bhhsflorida,https://www.youtube.com/c/BerkshireHathawayHomeServicesFloridaRealty,Not Found,Not Found
1513realty.com,https://www.facebook.com/1513Realty/,Not Found,1513realty@gmail.com,Not Found,Not Found,Not Found,Not Found,Not Found,Not Found,Not Found,Not Found
www.remax-realtyplusfl.com,https://www.facebook.com/REMAX-Realty-Plus-Sebring-Fl-154527104746799/,Not Found,Frontdesk@rrpsebring.com,18633850077,Not Found,https://www.instagram.com/remaxrealtyplussebring/,Not Found,https://www.pinterest.com/remaxrealtyplussebring/,Not Found,Not Found,Not Found
www.aristainflorida.com,https://www.facebook.com/aristainflorida/,Not Found,Not Found,2037889157,Not Found,https://instagram.com/solivitasales,Not Found,Not Found,Not Found,Not Found,Not Found
realestateagentsportstlucie.com,Not Found,Not Found,JenFleschner@aol.com,7729717809,Not Found,Not Found,Not Found,Not Found,Not Found,Not Found,Not Found
www.larosacentralflorida.com,https://www.facebook.com/LaRosaRealtyCentralFlorida/,Not Found,gihanlarosarealty@gmail.com,Not Found,Not Found,Not Found,Not Found,Not Found,Not Found,Not Found,Not Found
www.foreverfloridarealestate.com,Not Found,Not Found,Not Found,Not Found,Not Found,Not Found,Not Found,Not Found,Not Found,Not Found,Not Found
www.centralfloridaprimerealestate.com,https://www.facebook.com/centralfloridaprimerealestate,Not Found,info@cflprimerealestate.com,4074044041,Not Found,Not Found,Not Found,Not Found,Not Found,Not Found,Not Found
www.fla-intl.com,https://www.facebook.com/FloridaInternationalRealEstate,https://twitter.com/Florida_Intl,Not Found,Not Found,Not Found,https://www.instagram.com/floridainternationalrealestate/,https://www.linkedin.com/company/florida-international-real-estate-llc/,Not Found,Not Found,Not Found,Not Found
